reg,X,Y,Lon,Lat,clase,band1,band2,band3,band4,band5,band6
4,711.5,827.5,-61.78462755,-37.72203438,1,203,447,336,3093,1187,668
4,710.5,809.5,-61.78504737,-37.71717179,1,181,417,239,3487,1160,531
5,718.5,816.5,-61.78229387,-37.71903607,1,155,406,251,3455,1043,500
5,713.5,830.5,-61.78393361,-37.72283838,1,190,435,325,3061,1207,672
6,712.5,830.5,-61.78427395,-37.72284189,1,226,483,383,3074,1350,815
6,716.5,814.5,-61.78298336,-37.71850242,1,198,501,269,4372,1435,650
7,711.5,830.5,-61.7846143,-37.7228454,1,199,468,349,3163,1263,716
7,715.5,813.5,-61.78332811,-37.71823559,1,204,539,255,5161,1469,644
8,714.5,812.5,-61.78367285,-37.71796877,1,230,517,343,3965,1438,737
9,719.5,817.5,-61.78194912,-37.71930289,1,143,397,242,3498,1002,487
15,720.5,801.5,-61.78167964,-37.71497395,1,253,499,380,3011,1479,823
16,721.5,801.5,-61.78133933,-37.71497044,1,261,511,401,2925,1518,867
17,703.5,822.5,-61.7873723,-37.72071073,1,185,436,318,3423,1120,603
17,721.5,800.5,-61.78134376,-37.7147001,1,289,525,434,2802,1578,950
18,703.5,824.5,-61.78736348,-37.7212514,1,207,445,348,3208,1217,703
18,722.5,800.5,-61.78100345,-37.71469658,1,281,521,420,2878,1564,914
19,723.5,801.5,-61.78065872,-37.7149634,1,277,514,410,2905,1515,889
20,722.5,801.5,-61.78099902,-37.71496692,1,274,520,413,2882,1546,896
21,724.5,808.5,-61.78028739,-37.71685225,1,251,458,347,3287,1377,761
22,723.5,807.5,-61.78063213,-37.71658543,1,259,504,380,2981,1506,820
28,729.5,807.5,-61.77859026,-37.71656429,1,299,525,456,2717,1602,991
29,724.5,824.5,-61.78021646,-37.72117766,1,204,457,344,3307,1188,699
29,726.5,804.5,-61.7796245,-37.71576385,1,297,541,453,2689,1657,987
30,749.5,838.5,-61.77164562,-37.72487404,1,163,395,268,3440,1044,524
30,722.5,794.5,-61.78103003,-37.71307455,1,264,495,379,2979,1482,830
31,750.5,839.5,-61.7713008,-37.72514083,1,152,385,241,3505,1018,489
32,720.5,794.5,-61.78171062,-37.71308158,1,280,511,413,2885,1531,897
32,750.5,838.5,-61.77130527,-37.72487049,1,144,393,239,3548,1008,482
33,720.5,795.5,-61.7817062,-37.71335192,1,267,498,389,3029,1477,841
33,751.5,839.5,-61.77096045,-37.72513728,1,146,386,234,3560,1002,473
39,756.5,843.5,-61.7692408,-37.72620087,1,146,362,219,3612,996,467
40,757.5,842.5,-61.76890492,-37.72592698,1,150,372,238,3558,1040,505
40,715.5,798.5,-61.78339443,-37.71418051,1,230,469,323,3387,1373,704
41,757.5,841.5,-61.7689094,-37.72565664,1,159,372,257,3365,1019,516
42,725.5,803.5,-61.77996924,-37.71549703,1,281,527,431,2792,1579,923
42,758.5,841.5,-61.76856904,-37.72565309,1,165,386,261,3552,1058,550
43,759.5,841.5,-61.76822869,-37.72564953,1,141,353,205,3729,957,464
44,724.5,802.5,-61.78031398,-37.71523022,1,284,517,419,2809,1548,899
44,760.5,843.5,-61.76787938,-37.72618665,1,154,360,226,3555,1014,483
45,821.5,901.5,-61.74685355,-37.7416472,1,203,435,307,3225,1269,644
52,816.5,901.5,-61.74855567,-37.74166528,1,199,439,307,3400,1277,653
52,728.5,804.5,-61.77894388,-37.7157568,1,302,524,454,2709,1644,1015
53,828.5,904.5,-61.74445689,-37.74243284,1,184,427,293,3228,1243,626
54,829.5,904.5,-61.74411646,-37.74242921,1,190,428,301,3248,1229,632
55,828.5,902.5,-61.74446602,-37.74189217,1,209,469,341,3103,1326,703
55,722.5,802.5,-61.78099459,-37.71523726,1,271,504,398,2918,1503,855
56,726.5,797.5,-61.77965554,-37.71387148,1,272,488,393,2922,1512,880
56,827.5,901.5,-61.74481101,-37.74162546,1,198,449,313,3214,1264,644
57,820.5,905.5,-61.74717575,-37.74273215,1,195,434,298,3262,1252,623
58,822.5,905.5,-61.74649489,-37.74272491,1,193,420,295,3245,1240,628
64,826.5,929.5,-61.74502361,-37.74919843,1,200,444,220,4630,1457,656
65,808.5,945.5,-61.75107915,-37.75358887,1,196,565,327,4253,1410,662
65,826.5,930.5,-61.74501904,-37.74946876,1,208,449,234,4322,1421,663
66,825.5,930.5,-61.7453595,-37.74947239,1,211,447,229,4468,1457,670
67,823.5,930.5,-61.74604042,-37.74947963,1,210,438,226,4414,1433,656
67,806.5,945.5,-61.7517601,-37.75359609,1,230,609,461,3708,1523,803
68,823.5,930.5,-61.74604042,-37.74947963,1,210,438,226,4414,1433,656
69,823.5,929.5,-61.74604498,-37.7492093,1,199,437,223,4449,1406,640
69,804.5,944.5,-61.7524456,-37.75333297,1,211,486,254,4384,1223,576
70,822.5,929.5,-61.74638544,-37.74921292,1,201,457,230,4417,1284,589
76,816.5,943.5,-61.74836443,-37.75301931,1,208,463,262,4086,1368,659
76,823.5,935.5,-61.74601761,-37.7508313,1,219,450,257,4134,1490,726
77,831.5,921.5,-61.7433579,-37.74701762,1,191,410,243,3849,1210,560
78,832.5,922.5,-61.74301288,-37.74728432,1,209,434,277,3571,1264,612
78,812.5,937.5,-61.74975363,-37.75141176,1,221,512,263,4404,1233,579
79,813.5,937.5,-61.74941316,-37.75140815,1,216,474,256,4098,1305,631
79,833.5,923.5,-61.74266785,-37.74755103,1,214,451,292,3420,1307,644
80,833.5,924.5,-61.74266328,-37.74782136,1,214,455,294,3408,1304,636
80,814.5,937.5,-61.74907269,-37.75140454,1,199,431,234,4121,1308,608
81,831.5,924.5,-61.74334418,-37.74782862,1,256,478,370,3262,1446,823
86,828.5,921.5,-61.74437924,-37.74702851,1,217,457,287,3563,1317,651
87,818.5,936.5,-61.74771538,-37.75111974,1,204,418,246,3848,1339,655
87,827.5,920.5,-61.74472425,-37.7467618,1,209,467,306,3427,1383,696
88,827.5,919.5,-61.74472882,-37.74649147,1,232,486,343,3193,1454,756
88,815.5,934.5,-61.74874588,-37.75058992,1,213,490,251,4400,1198,552
89,828.5,919.5,-61.74438838,-37.74648784,1,246,503,360,3187,1507,794
90,821.5,885.5,-61.74692647,-37.73732185,1,200,441,326,3350,1272,666
90,836.5,928.5,-61.74162361,-37.74889179,1,249,448,353,3346,1360,831
91,836.5,929.5,-61.74161903,-37.74916212,1,197,420,271,3607,1263,616
92,837.5,929.5,-61.74127858,-37.74915849,1,205,434,286,3459,1329,645
99,846.5,953.5,-61.73810427,-37.7556137,1,191,481,361,2802,1248,693
99,837.5,885.5,-61.74148002,-37.73726382,1,215,470,361,3105,1356,727
100,843.5,953.5,-61.73912573,-37.75562464,1,211,490,387,2733,1316,756
100,839.5,884.5,-61.7408038,-37.73698621,1,216,482,351,3230,1365,717
101,849.5,953.5,-61.73708281,-37.75560276,1,205,497,369,2861,1259,705
102,849.5,954.5,-61.73707821,-37.75587309,1,199,495,369,2918,1239,699
103,841.5,887.5,-61.74010925,-37.73778994,1,230,494,379,3041,1406,776
103,850.5,955.5,-61.73673313,-37.75613978,1,198,496,359,2922,1232,680
104,849.5,955.5,-61.73707362,-37.75614343,1,171,473,303,3114,1145,597
104,840.5,888.5,-61.74044508,-37.73806391,1,219,496,374,3058,1417,758
111,877.5,991.5,-61.72737322,-37.76577279,1,197,449,314,3208,1258,644
112,878.5,990.5,-61.72703732,-37.76549878,1,189,446,304,3173,1248,633
112,814.5,881.5,-61.74932749,-37.73626582,1,242,521,378,3325,1504,801
113,815.5,881.5,-61.74898709,-37.73626221,1,210,467,345,3284,1393,731
113,879.5,990.5,-61.72669679,-37.7654951,1,179,437,286,3388,1209,599
114,880.5,991.5,-61.72635162,-37.76576175,1,243,491,399,3085,1430,872
115,881.5,991.5,-61.72601109,-37.76575807,1,224,433,344,2763,1269,729
116,881.5,990.5,-61.72601573,-37.76548774,1,239,474,365,2963,1400,799
116,820.5,890.5,-61.7472441,-37.73867714,1,178,429,275,3667,1227,591
117,881.5,989.5,-61.72602037,-37.7652174,1,238,482,370,3154,1379,798
123,882.5,993.5,-61.72566128,-37.76629505,1,206,439,330,3013,1276,687
124,849.5,902.5,-61.73731713,-37.74181579,1,233,465,326,3355,1394,706
124,881.5,993.5,-61.72600182,-37.76629873,1,212,444,351,2794,1315,743
125,880.5,993.5,-61.72634235,-37.76630241,1,196,459,315,3268,1265,654
126,910.5,1005.5,-61.71607028,-37.76943549,1,196,446,253,3504,1214,576
127,911.5,1006.5,-61.71572505,-37.76970211,1,187,421,243,3598,1163,560
128,911.5,1005.5,-61.71572973,-37.76943178,1,196,447,262,3276,1227,595
129,856.5,905.5,-61.73492037,-37.74260124,1,216,447,298,3591,1352,660
129,912.5,1006.5,-61.71538451,-37.7696984,1,193,431,256,3394,1214,586
130,915.5,1010.5,-61.71434414,-37.77076857,1,208,434,278,3325,1229,626
136,921.5,1015.5,-61.71227738,-37.7720979,1,203,434,272,3411,1200,597
137,920.5,1015.5,-61.71261794,-37.77210163,1,192,426,253,3551,1177,567
138,920.5,1014.5,-61.71262263,-37.7718313,1,192,427,240,3585,1176,545
139,852.5,909.5,-61.73626368,-37.74369718,1,196,415,252,3933,1259,570
139,922.5,1013.5,-61.7119462,-37.77155352,1,194,428,251,3636,1153,550
140,851.5,909.5,-61.73660411,-37.74370083,1,194,424,268,3797,1298,610
140,922.5,1014.5,-61.71194151,-37.77182385,1,198,445,258,3489,1209,573
141,975.5,1086.5,-61.69354949,-37.79108867,1,219,577,380,3558,1478,759
142,852.5,908.5,-61.73626828,-37.74342684,1,195,413,245,3931,1252,577
142,976.5,1087.5,-61.69320408,-37.79135521,1,212,586,384,3595,1456,748
148,844.5,907.5,-61.73899631,-37.74318568,1,255,483,380,3330,1475,817
149,976.5,1090.5,-61.6931898,-37.79216619,1,231,595,426,3340,1474,781
150,977.5,1090.5,-61.69284915,-37.79216241,1,228,572,360,3616,1416,721
151,972.5,1091.5,-61.69454763,-37.79245163,1,260,620,511,3016,1621,944
151,856.5,928.5,-61.73481451,-37.74881889,1,175,437,237,3902,1151,521
152,974.5,1091.5,-61.69386633,-37.79244407,1,259,620,512,2914,1606,925
152,856.5,929.5,-61.73480991,-37.74908922,1,188,447,246,3775,1172,537
153,974.5,1091.5,-61.69386633,-37.79244407,1,259,620,512,2914,1606,925
153,855.5,929.5,-61.73515036,-37.74909287,1,180,437,232,3909,1158,523
154,975.5,1091.5,-61.69352569,-37.7924403,1,240,602,484,3072,1552,883
160,998.5,1116.5,-61.68557102,-37.79911127,1,198,444,346,2698,1280,685
160,861.5,933.5,-61.73308919,-37.75015226,1,187,433,221,4262,1145,511
161,860.5,933.5,-61.73342965,-37.75015592,1,182,423,209,4445,1136,502
161,999.5,1117.5,-61.68522555,-37.79937779,1,195,434,334,2827,1219,661
162,999.5,1116.5,-61.68523034,-37.79910747,1,198,447,356,2701,1284,682
163,1000.5,1116.5,-61.68488966,-37.79910366,1,186,436,332,2773,1234,651
164,1000.5,1117.5,-61.68488487,-37.79937399,1,197,446,337,2833,1225,649
165,995.5,1116.5,-61.68659305,-37.79912267,1,205,422,350,2596,1281,709
165,861.5,936.5,-61.73307536,-37.75096326,1,180,446,221,4268,1142,510
166,996.5,1116.5,-61.68625238,-37.79911887,1,204,426,349,2588,1269,712
172,853.5,936.5,-61.73579908,-37.75099251,1,181,429,216,4526,1144,500
173,981.5,1079.5,-61.69153901,-37.7891737,1,173,437,286,3112,1163,596
174,982.5,1079.5,-61.69119837,-37.78916992,1,156,415,255,3274,1082,540
175,982.5,1078.5,-61.69120314,-37.78889959,1,162,413,271,3143,1111,553
175,850.5,931.5,-61.73684345,-37.7496518,1,178,437,220,4268,1136,499
176,982.5,1077.5,-61.69120791,-37.78862926,1,181,438,321,2854,1198,646
177,981.5,1077.5,-61.69154854,-37.78863305,1,199,448,340,2790,1257,690
177,849.5,930.5,-61.7371885,-37.74938511,1,185,449,226,4192,1151,510
178,851.5,930.5,-61.73650759,-37.74937781,1,182,434,214,4367,1131,499
178,980.5,1080.5,-61.69187487,-37.78944781,1,189,448,326,2856,1227,664
185,984.5,1077.5,-61.69052665,-37.78862169,1,190,459,345,2783,1262,699
185,1256.5,1361.5,-61.59642384,-37.8643245,2,320,684,699,2634,1974,1252
186,988.5,1085.5,-61.68912591,-37.79076915,1,170,452,291,3356,1179,602
186,1255.5,1357.5,-61.59678531,-37.86324731,2,491,873,958,2759,2368,1571
187,1255.5,1354.5,-61.59680069,-37.86243638,2,461,876,1016,2818,2393,1579
187,988.5,1084.5,-61.68913069,-37.79049882,1,175,451,305,3145,1189,621
188,989.5,1084.5,-61.68879005,-37.79049503,1,169,468,282,3508,1190,591
189,989.5,1085.5,-61.68878527,-37.79076535,1,169,447,276,3362,1149,577
190,990.5,1086.5,-61.68843985,-37.79103189,1,165,454,287,3201,1152,584
191,990.5,1087.5,-61.68843507,-37.79130221,1,169,452,276,3294,1138,577
198,990.5,1090.5,-61.68842073,-37.79211319,1,173,454,286,3254,1149,591
199,991.5,1090.5,-61.68808009,-37.7921094,1,171,455,286,3267,1151,594
199,1251.5,1354.5,-61.59816452,-37.86245263,2,622,1058,1306,3103,2625,1737
200,991.5,1089.5,-61.68808487,-37.79183907,1,168,455,280,3276,1142,571
201,1073.5,1193.5,-61.65964404,-37.81963815,1,183,512,423,2692,1209,674
201,1250.5,1355.5,-61.59850036,-37.862727,2,600,1056,1281,3061,2543,1675
202,1074.5,1194.5,-61.65929838,-37.81990459,1,186,516,418,2727,1240,683
203,1075.5,1195.5,-61.65895272,-37.82017103,1,187,517,427,2697,1236,688
203,1249.5,1355.5,-61.59884132,-37.86273106,2,606,1072,1332,3020,2630,1755
204,1075.5,1196.5,-61.65894782,-37.82044135,1,197,519,447,2563,1266,730
211,1069.5,1198.5,-61.66098269,-37.82100526,1,198,531,468,2537,1263,734
212,1070.5,1198.5,-61.66064192,-37.82100138,1,193,519,465,2516,1271,747
213,1032.5,1118.5,-61.67397831,-37.79952209,2,829,1190,1609,2655,3839,2859
213,1071.5,1198.5,-61.66030114,-37.82099751,1,202,524,501,2398,1300,781
214,1071.5,1199.5,-61.66029626,-37.82126783,1,211,531,527,2226,1340,810
215,1070.5,1200.5,-61.66063215,-37.82154203,1,221,527,530,2236,1340,818
216,1059.5,1160.5,-61.66457554,-37.81077172,1,413,684,609,2828,2068,1315
216,1032.5,1124.5,-61.67394931,-37.80114403,2,728,1040,1405,2550,3631,2706
217,1060.5,1161.5,-61.66422994,-37.81103818,1,405,676,595,2830,2031,1294
218,1059.5,1161.5,-61.66457067,-37.81104205,1,401,687,632,2690,2087,1358
226,1029.5,1122.5,-61.67498103,-37.80061489,2,776,1128,1504,2526,3790,2782
226,1064.5,1166.5,-61.66284264,-37.81237433,1,424,665,662,2451,2183,1470
227,1029.5,1121.5,-61.67498586,-37.80034457,2,777,1122,1495,2540,3726,2760
227,1066.5,1164.5,-61.66217093,-37.81182594,1,354,582,544,2507,1902,1240
228,1066.5,1164.5,-61.66217093,-37.81182594,1,354,582,544,2507,1902,1240
229,1065.5,1164.5,-61.66251166,-37.81182981,1,383,621,588,2491,2063,1336
229,1028.5,1119.5,-61.6753362,-37.79980775,2,847,1217,1646,2646,3982,2932
230,1028.5,1114.5,-61.67536034,-37.79845613,2,854,1186,1588,2617,3922,3114
230,1065.5,1163.5,-61.66251654,-37.81155949,1,338,582,532,2592,1844,1173
231,1193.5,1321.5,-61.61810676,-37.85376607,1,331,756,626,3478,2072,1155
237,1198.5,1322.5,-61.6163971,-37.85401636,1,318,717,603,3176,1996,1124
238,1198.5,1324.5,-61.616387,-37.85455699,1,359,736,697,2842,2170,1354
239,1199.5,1324.5,-61.61604607,-37.85455298,1,376,751,706,2864,2208,1390
240,1026.5,1118.5,-61.67602239,-37.79954509,2,835,1192,1618,2603,3954,2932
240,1199.5,1325.5,-61.61604102,-37.8548233,1,387,738,721,2694,2214,1444
241,1026.5,1113.5,-61.67604652,-37.79819347,2,821,1207,1599,2632,3893,2862
241,1195.5,1325.5,-61.61740472,-37.85483932,1,349,736,669,3025,2175,1318
242,1194.5,1324.5,-61.61775069,-37.85457301,1,327,724,589,3228,2066,1141
242,1026.5,1122.5,-61.67600309,-37.80062638,2,774,1123,1502,2451,3804,2808
243,1195.5,1324.5,-61.61740977,-37.854569,1,326,721,595,3164,2069,1192
250,1212.5,1340.5,-61.61153293,-37.85882583,1,167,582,384,3246,1216,596
251,1213.5,1340.5,-61.61119199,-37.8588218,1,150,561,350,3428,1160,558
251,1024.5,1118.5,-61.67670375,-37.79955274,2,830,1169,1571,2591,4029,3024
252,1213.5,1341.5,-61.61118691,-37.85909212,1,166,582,406,3193,1213,615
253,1213.5,1343.5,-61.61117677,-37.85963275,1,167,576,382,3178,1164,579
253,1023.5,1115.5,-61.67705889,-37.7987456,2,790,1160,1559,2548,3921,2828
254,1210.5,1342.5,-61.61220468,-37.85937449,1,175,558,416,2864,1192,636
255,1209.5,1342.5,-61.61254562,-37.85937851,1,160,550,384,3075,1153,579
255,1022.5,1111.5,-61.67741885,-37.79766813,2,783,1140,1520,2481,3728,2815
256,1209.5,1341.5,-61.61255069,-37.8591082,1,144,568,366,3243,1140,549
263,1020.5,1120.5,-61.67805683,-37.80010869,2,736,1067,1421,2370,3600,2717
263,1088.5,1189.5,-61.65455213,-37.81849858,1,164,526,319,3657,1193,574
264,1020.5,1119.5,-61.67806165,-37.79983837,2,752,1067,1439,2340,3597,2721
264,1086.5,1189.5,-61.65523366,-37.81850636,1,171,553,375,3411,1253,626
265,1084.5,1189.5,-61.65591519,-37.81851414,1,151,494,304,3709,1182,565
266,1083.5,1189.5,-61.65625595,-37.81851803,1,149,464,277,3751,1138,539
266,1019.5,1109.5,-61.6784505,-37.79713895,2,673,975,1258,2215,3351,2568
267,1083.5,1188.5,-61.65626085,-37.81824771,1,155,473,268,3834,1152,537
267,1019.5,1115.5,-61.6784216,-37.79876089,2,813,1172,1580,2569,3923,2863
268,1083.5,1187.5,-61.65626575,-37.81797739,1,159,498,302,3538,1166,571
275,1018.5,1118.5,-61.67874783,-37.79957569,2,803,1150,1552,2509,3871,2854
275,1091.5,1190.5,-61.65352493,-37.81875722,1,165,517,366,3314,1189,600
276,1225.5,1355.5,-61.60702435,-37.86282817,1,203,407,260,3875,1268,598
277,1017.5,1160.5,-61.67888623,-37.81093311,2,747,1060,1431,2453,3604,2966
277,1224.5,1355.5,-61.60736531,-37.8628322,1,199,403,243,4059,1267,583
278,1224.5,1354.5,-61.6073704,-37.86256189,1,200,409,261,3912,1265,602
279,1225.5,1354.5,-61.60702944,-37.86255785,1,201,408,263,3832,1271,602
280,1226.5,1354.5,-61.60668848,-37.86255382,1,203,426,298,3602,1334,660
281,1227.5,1355.5,-61.60634243,-37.8628201,1,194,410,255,3725,1272,611
281,1014.5,1166.5,-61.67987955,-37.81256652,2,712,1005,1363,2345,3608,3062
287,1013.5,1114.5,-61.68047046,-37.79851349,2,866,1226,1641,2675,4055,2960
288,1228.5,1352.5,-61.60601675,-37.86200512,1,182,405,270,3635,1264,606
289,1228.5,1351.5,-61.60602184,-37.86173481,1,207,434,342,3349,1393,752
289,1012.5,1162.5,-61.68058027,-37.81149286,2,720,1017,1387,2391,3646,3038
290,1229.5,1351.5,-61.60568088,-37.86173077,1,195,428,328,3279,1385,719
291,1225.5,1334.5,-61.6071312,-37.85715159,1,266,540,423,2922,1624,916
291,1012.5,1172.5,-61.68053216,-37.8141961,2,709,1017,1368,2394,3694,3154
292,1226.5,1334.5,-61.60679027,-37.85714755,1,263,544,421,2981,1626,907
293,1226.5,1333.5,-61.60679536,-37.85687724,1,252,544,404,3184,1619,861
294,1225.5,1333.5,-61.60713629,-37.85688127,1,256,549,410,3131,1628,869
301,1010.5,1161.5,-61.68126655,-37.81123017,2,727,1023,1390,2397,3686,3064
301,1230.5,1336.5,-61.60541634,-37.85767203,1,269,551,444,3083,1778,1001
302,1010.5,1168.5,-61.68123289,-37.81312243,2,679,952,1281,2282,3430,2962
302,1230.5,1337.5,-61.60541125,-37.85794235,1,278,559,434,3061,1783,995
303,1010.5,1167.5,-61.6812377,-37.81285211,2,660,932,1271,2222,3389,2919
303,1230.5,1339.5,-61.60540106,-37.85848297,1,258,544,371,3564,1634,835
304,1229.5,1339.5,-61.605742,-37.85848701,1,269,552,415,3128,1634,884
305,1228.5,1339.5,-61.60608294,-37.85849105,1,265,523,423,2965,1555,877
306,1009.5,1156.5,-61.68163132,-37.80988236,2,703,982,1335,2331,3603,3015
306,1006.5,1160.5,-61.68263429,-37.8109751,2,712,998,1363,2371,3585,3005
312,1008.5,1160.5,-61.68195282,-37.81096747,2,737,1033,1400,2437,3706,3070
313,1007.5,1164.5,-61.68227434,-37.81205258,2,662,937,1269,2226,3353,2856
313,1008.5,1163.5,-61.68193841,-37.81177844,2,722,1016,1375,2386,3668,3040
314,1007.5,1168.5,-61.68225512,-37.81313388,2,621,884,1208,2170,3073,2692
314,1008.5,1164.5,-61.6819336,-37.81204877,2,702,986,1324,2318,3483,2966
315,1008.5,1155.5,-61.68197685,-37.80961585,2,694,977,1319,2326,3560,2953
315,1007.5,1167.5,-61.68225992,-37.81286355,2,600,869,1179,2106,3085,2680
316,1009.5,1157.5,-61.68162651,-37.81015269,2,708,997,1345,2358,3621,3013
317,1009.5,1157.5,-61.68162651,-37.81015269,2,708,997,1345,2358,3621,3013
318,1009.5,1164.5,-61.68159286,-37.81204495,2,718,1009,1365,2366,3542,2995
324,1010.5,1156.5,-61.68129059,-37.80987855,2,710,1022,1376,2388,3702,3049
325,1011.5,1158.5,-61.68094025,-37.81041538,2,746,1063,1439,2482,3738,3047
326,1011.5,1157.5,-61.68094506,-37.81014506,2,753,1060,1434,2466,3728,3057
327,1011.5,1164.5,-61.68091139,-37.81203732,2,712,1003,1368,2361,3620,3039
328,1004.5,1158.5,-61.68332536,-37.81044207,2,651,932,1290,2199,3318,2826
328,1011.5,1156.5,-61.68094987,-37.80987473,2,743,1044,1418,2432,3699,3042
329,1012.5,1159.5,-61.68059471,-37.81068189,2,735,1050,1411,2429,3641,3021
330,1004.5,1166.5,-61.68328695,-37.81260466,2,595,866,1141,2063,3027,2617
330,1012.5,1162.5,-61.68058027,-37.81149286,2,720,1017,1387,2391,3646,3038
331,1004.5,1167.5,-61.68328215,-37.81287498,2,549,785,1060,1900,2821,2458
337,1013.5,1166.5,-61.68022029,-37.81257034,2,714,1016,1370,2373,3644,3079
338,1003.5,1165.5,-61.68363249,-37.81233814,2,590,839,1141,2035,2901,2563
338,1014.5,1155.5,-61.6799325,-37.80959296,2,732,1040,1406,2415,3616,2928
339,1014.5,1156.5,-61.67992768,-37.80986328,2,728,1050,1405,2425,3625,2942
340,1003.5,1170.5,-61.68360849,-37.81368977,2,548,786,1063,1923,2716,2401
340,1014.5,1161.5,-61.67990362,-37.8112149,2,756,1074,1454,2460,3681,3037
341,1002.5,1162.5,-61.68398762,-37.81153098,2,683,978,1313,2304,3393,2877
341,1014.5,1164.5,-61.67988918,-37.81202587,2,699,1002,1347,2358,3584,3036
342,1002.5,1161.5,-61.68399242,-37.81126066,2,686,965,1307,2283,3354,2828
342,1014.5,1167.5,-61.67987473,-37.81283684,2,702,998,1339,2306,3563,3042
348,1015.5,1158.5,-61.67957733,-37.81040011,2,719,1030,1386,2388,3577,2943
349,1015.5,1160.5,-61.6795677,-37.81094076,2,728,1044,1413,2423,3570,2960
349,1000.5,1167.5,-61.68464511,-37.81289021,2,712,961,1292,2298,3439,2859
350,1015.5,1160.5,-61.6795677,-37.81094076,2,728,1044,1413,2423,3570,2960
350,1000.5,1165.5,-61.68465471,-37.81234957,2,660,955,1279,2261,3419,2856
351,1015.5,1154.5,-61.67959659,-37.80931881,2,732,1031,1394,2403,3599,2931
351,1000.5,1165.5,-61.68465471,-37.81234957,2,660,955,1279,2261,3419,2856
352,1000.5,1162.5,-61.6846691,-37.81153859,2,613,865,1182,2091,3071,2644
352,1015.5,1164.5,-61.67954844,-37.81202205,2,698,991,1330,2324,3556,3028
353,999.5,1164.5,-61.68500024,-37.81208305,2,610,878,1169,2098,3198,2680
359,1016.5,1155.5,-61.67925105,-37.80958532,2,744,1066,1430,2439,3612,2955
360,1016.5,1154.5,-61.67925586,-37.80931499,2,734,1047,1407,2406,3594,2952
361,1016.5,1163.5,-61.67921252,-37.81174791,2,710,1014,1355,2360,3536,3004
362,1016.5,1167.5,-61.67919325,-37.8128292,2,714,1014,1364,2355,3583,3048
363,1016.5,1166.5,-61.67919807,-37.81255888,2,705,994,1339,2327,3566,3031
364,1016.5,1141.5,-61.67931846,-37.80580078,2,703,1000,1339,2310,3478,2934
365,1017.5,1114.5,-61.67910776,-37.79849821,2,832,1187,1599,2613,4038,2928
366,1017.5,1118.5,-61.67908851,-37.79957951,2,824,1183,1592,2583,4013,2896
367,1017.5,1117.5,-61.67909332,-37.79930919,2,837,1204,1630,2620,4076,2933
368,1017.5,1110.5,-61.67912702,-37.79741692,2,696,1000,1308,2280,3442,2582
378,1017.5,1151.5,-61.67892959,-37.8085002,2,701,1022,1362,2328,3480,2847
379,1017.5,1149.5,-61.67893922,-37.80795955,2,694,979,1314,2273,3412,2851
380,1017.5,1144.5,-61.6789633,-37.80660793,2,718,1009,1373,2342,3577,2964
381,1018.5,1115.5,-61.67876227,-37.79876472,2,826,1191,1598,2618,3992,2891
382,1018.5,1117.5,-61.67875264,-37.79930536,2,840,1211,1631,2617,4028,2916
383,1018.5,1110.5,-61.67878635,-37.79741309,2,704,973,1288,2256,3361,2591
384,1018.5,1109.5,-61.67879117,-37.79714277,2,658,935,1230,2152,3239,2524
385,1018.5,1162.5,-61.67853586,-37.81146994,2,702,997,1342,2319,3528,2979
386,1018.5,1153.5,-61.67857923,-37.80903703,2,746,1055,1422,2413,3581,2939
387,1018.5,1152.5,-61.67858405,-37.8087667,2,736,1049,1416,2407,3568,2939
397,1019.5,1112.5,-61.67843605,-37.79794992,2,827,1196,1594,2619,3955,2911
398,1019.5,1109.5,-61.6784505,-37.79713895,2,673,975,1258,2215,3351,2568
399,1019.5,1110.5,-61.67844568,-37.79740927,2,727,1032,1391,2342,3577,2729
400,1019.5,1162.5,-61.67819513,-37.81146612,2,686,963,1291,2250,3404,2924
401,1019.5,1161.5,-61.67819995,-37.81119579,2,692,975,1318,2271,3409,2927
402,1019.5,1160.5,-61.67820477,-37.81092547,2,698,993,1333,2299,3435,2930
403,1019.5,1159.5,-61.67820959,-37.81065514,2,722,1031,1390,2379,3504,2922
404,1019.5,1165.5,-61.67818067,-37.81227709,2,709,1004,1348,2335,3547,2987
405,1019.5,1156.5,-61.67822405,-37.80984417,2,748,1071,1430,2422,3585,2964
406,1019.5,1157.5,-61.67821923,-37.8101145,2,747,1066,1448,2417,3566,2958
416,1020.5,1109.5,-61.67810983,-37.79713513,2,729,1043,1336,2338,3530,2711
417,1020.5,1110.5,-61.67810501,-37.79740545,2,773,1112,1490,2439,3696,2795
418,1020.5,1158.5,-61.67787368,-37.810381,2,746,1054,1430,2415,3599,2975
419,1020.5,1155.5,-61.67788814,-37.80957003,2,763,1089,1475,2455,3594,2951
420,1020.5,1148.5,-61.67792189,-37.80767776,2,717,996,1353,2302,3404,2859
421,1020.5,1146.5,-61.67793153,-37.80713711,2,705,1000,1339,2312,3516,2906
422,1020.5,1145.5,-61.67793635,-37.80686679,2,702,983,1322,2279,3503,2931
423,1020.5,1142.5,-61.67795081,-37.80605582,2,691,981,1322,2254,3373,2849
424,1021.5,1150.5,-61.67757153,-37.80821458,2,732,1042,1412,2370,3477,2916
425,1021.5,1115.5,-61.67774025,-37.79875325,2,812,1171,1574,2575,3918,2848
435,1021.5,1148.5,-61.67758117,-37.80767394,2,722,1023,1377,2328,3451,2869
436,1021.5,1148.5,-61.67758117,-37.80767394,2,722,1023,1377,2328,3451,2869
437,1022.5,1146.5,-61.6772501,-37.80712946,2,715,1018,1366,2330,3494,2858
438,1022.5,1151.5,-61.67722598,-37.80848108,2,745,1067,1441,2385,3491,2904
439,1022.5,1123.5,-61.677361,-37.80091202,2,833,1213,1637,2662,4004,2874
440,1022.5,1124.5,-61.67735618,-37.80118234,2,836,1221,1652,2685,4030,2886
441,1022.5,1109.5,-61.67742849,-37.79712748,2,710,1069,1425,2428,3600,2691
442,1022.5,1110.5,-61.67742367,-37.7973978,2,758,1124,1493,2442,3700,2788
443,1022.5,1112.5,-61.67741403,-37.79793845,2,773,1105,1469,2428,3648,2758
444,1022.5,1157.5,-61.67719704,-37.81010302,2,754,1074,1441,2445,3571,2914
454,1023.5,1108.5,-61.67709265,-37.79685333,2,702,1094,1350,2595,3672,2657
455,1023.5,1111.5,-61.67707818,-37.7976643,2,824,1212,1620,2645,3980,2903
456,1023.5,1110.5,-61.677083,-37.79739398,2,817,1209,1609,2663,3948,2850
457,1023.5,1112.5,-61.67707336,-37.79793463,2,804,1187,1592,2595,3890,2865
458,1023.5,1159.5,-61.67684667,-37.81063984,2,747,1070,1429,2428,3589,2939
459,1023.5,1157.5,-61.67685632,-37.81009919,2,751,1066,1429,2429,3563,2939
460,1023.5,1157.5,-61.67685632,-37.81009919,2,751,1066,1429,2429,3563,2939
461,1023.5,1154.5,-61.67687079,-37.80928822,2,740,1047,1409,2387,3468,2898
462,1023.5,1153.5,-61.67687561,-37.8090179,2,744,1074,1446,2411,3515,2924
463,1023.5,1149.5,-61.67689491,-37.80793661,2,735,1041,1412,2371,3469,2870
473,1024.5,1159.5,-61.67650594,-37.81063601,2,745,1064,1418,2421,3584,2949
474,1024.5,1156.5,-61.67652041,-37.80982504,2,739,1057,1420,2392,3554,2919
475,1024.5,1156.5,-61.67652041,-37.80982504,2,739,1057,1420,2392,3554,2919
476,1024.5,1151.5,-61.67654454,-37.80847343,2,753,1069,1443,2399,3481,2912
477,1024.5,1150.5,-61.67654937,-37.8082031,2,745,1062,1431,2375,3455,2900
478,1024.5,1150.5,-61.67654937,-37.8082031,2,745,1062,1431,2375,3455,2900
479,1025.5,1122.5,-61.67634377,-37.80063021,2,812,1134,1533,2473,3840,2824
480,1025.5,1126.5,-61.67632447,-37.80171151,2,797,1150,1544,2581,3912,2819
481,1025.5,1112.5,-61.67639202,-37.79792697,2,826,1197,1594,2607,3883,2840
482,1025.5,1113.5,-61.67638719,-37.7981973,2,818,1198,1610,2624,3927,2824
492,1026.5,1126.5,-61.67598378,-37.80170768,2,748,1091,1453,2490,3769,2721
493,1026.5,1147.5,-61.67588241,-37.80738447,2,750,1069,1436,2427,3527,2852
494,1026.5,1145.5,-61.67589207,-37.80684383,2,749,1055,1423,2433,3566,2906
495,1026.5,1145.5,-61.67589207,-37.80684383,2,749,1055,1423,2433,3566,2906
496,1027.5,1148.5,-61.67553687,-37.80765097,2,713,1014,1357,2323,3424,2807
497,1027.5,1148.5,-61.67553687,-37.80765097,2,713,1014,1357,2323,3424,2807
498,1027.5,1126.5,-61.67564309,-37.80170385,2,782,1130,1485,2542,3898,2804
499,1027.5,1120.5,-61.67567206,-37.8000819,2,789,1135,1535,2470,3877,2861
500,1027.5,1119.5,-61.67567688,-37.79981158,2,844,1238,1656,2670,4063,2962
501,1027.5,1146.5,-61.67554653,-37.80711032,2,748,1066,1438,2445,3552,2887
511,1029.5,1146.5,-61.6748651,-37.80710265,2,722,1030,1385,2367,3441,2804
512,1029.5,1119.5,-61.67499552,-37.79980392,2,821,1197,1612,2624,3931,2839
513,1029.5,1119.5,-61.67499552,-37.79980392,2,821,1197,1612,2624,3931,2839
514,1029.5,1120.5,-61.67499069,-37.80007424,2,765,1126,1503,2546,3750,2753
515,1029.5,1118.5,-61.67500035,-37.79953359,2,843,1232,1631,2669,3946,2904
516,1029.5,1118.5,-61.67500035,-37.79953359,2,843,1232,1631,2669,3946,2904
517,1030.5,1120.5,-61.67465001,-37.80007041,2,774,1149,1521,2550,3797,2762
518,1030.5,1119.5,-61.67465484,-37.79980009,2,796,1186,1574,2612,3907,2816
519,1030.5,1119.5,-61.67465484,-37.79980009,2,796,1186,1574,2612,3907,2816
520,1030.5,1118.5,-61.67465967,-37.79952976,2,845,1214,1621,2665,3900,2839
530,1036.5,1150.5,-61.67246074,-37.80815709,2,733,1035,1378,2318,3308,2764
531,1036.5,1149.5,-61.67246558,-37.80788677,2,736,1009,1347,2316,3243,2772
